i, t, inlet_T0, inlet_P0, inlet_mdot, outlet_T0, outlet_P0, outlet_mdot, Q_dot
0, Steady, 370.1, 3734485.7783724787, 0.0024615839243498816, 2684.0020160258223, 3100000.0, 0.0024615839243498786, 99677.67245314547
