i, t, inlet_T0, inlet_P0, inlet_mdot, outlet_T0, outlet_P0, outlet_mdot, Q_dot
0, Steady, 300.0, 5138595.027242397, 0.00077368421, 1623.8079311221047, 5000000.0, 0.0007736840762991909, 14137.16
