i, t, inlet_T0, inlet_P0, inlet_mdot, outlet_T0, outlet_P0, outlet_mdot, Q_dot
0, Steady, 370.1, 3633794.9017925416, 0.0024615839243498816, 2683.9992759410056, 3100000.0, 0.0024615839243498808, 99677.67219304638
